middle-temple-and-grays-inn/MIDDLE TEMPLE, AND GRAY'S INN.
macclesfield/MACCLESFIELD (Cheshire).
macduff/MACDUFF.
mackenzie-river/MACKENZIE RIVER, See of (Canada— formerly called Athabasca).
madagascar/MADAGASCAR, See of.
madras/MADRAS, Presidency of.
madras-(2)/MADRAS, See of.
madras-(3)/MADRAS, University of.
madrid/MADRID (Spain).
magdalen-college/MAGDALEN COLLEGE (Cambridge).
magdalen-college-(2)/MAGDALEN COLLEGE (Oxford).
magdalen-hall/MAGDALEN HALL.
magdeburg/MAGDEBURG (Germany).
maidenhead/MAIDENHEAD (Berkshire).
maidstone/MAIDSTONE (Kent).
maine/MAINE, State of (U.S.
mainz/MAINZ.
makers-of-playing-cards/MAKERS OF PLAYING CARDS, The Worshipful Company of, London.
malacca/MALACCA.
malaga/MALAGA (Spain).
malay/MALAY, Federated States of.
maldon/MALDON (Essex).
malmo/MALMO (Sweden).
malmesbury/MALMESBURY (Wiltshire).
malta/MALTA.
malton/MALTON (Yorkshire).
malvern-college/MALVERN COLLEGE.
man-isle-of/MAN, ISLE OF.
man/MAN.
manchester/MANCHESTER (Lancashire).
manchester-(2)/MANCHESTER, See of.
manchester-university/MANCHESTER UNIVERSITY.
manchester-(3)/MANCHESTER.
manchester-(4)/MANCHESTER, The Overseers of the Township of 
manchester-and-liverpool-district-banking-company/MANCHESTER AND LIVERPOOL DISTRICT BANKING COMPANY.
manchester-and-salford-bank/MANCHESTER AND SALFORD BANK.
manitoba/MANITOBA (Dominion of Canada).
mannheim/MANNHEIM (Germany).
mansfield/MANSFIELD (Nottingham).
mantua/MANTUA (Italy).
marblers-company/MARBLERS' COMPANY (London).
marblers-company-(2)/MARBLERS' COMPANY (Gateshead).
margate/MARGATE (Kent).
maritzburg/MARITZBURG See of (S.
markinch/MARKINCH (Fifeshire).
marlborough/MARLBOROUGH, Bishop of.
marlborough-(2)/MARLBOROUGH (Wiltshire).
marlborough-college/MARLBOROUGH COLLEGE.
maros-vazarhely/MAROS VAZARHELY 
marseilles/MARSEILLES (France).
marshal/MARSHAL.
martin-college/MARTIN COLLEGE.
maryborough/MARYBOROUGH (Queen's County).
maryland-usa/MARYLAND, U.
marylebone/MARYLEBONE, Borough of (London).
mashonaland/MASHONALAND, See of.
masons/MASONS, The Worshipful Company of, London.
masons-(2)/MASONS.
masons-(3)/MASONS (Gateshead), THE FREE.
masons-company/MASONS' COMPANY (Saumur, France).
masons-company-(2)/MASONS' COMPANY (Tours, France).
masons-company-(3)/MASONS' COMPANY (Beaulieu, France).
masons-company-(4)/MASONS' COMPANY (Edinburgh).
masons-college/MASONS' COLLEGE (Birmingham).
masques/MASQUES.
massachusetts/MASSACHUSETTS (U.S.
master-of-the-ordnance/MASTER OF THE ORDNANCE.
master-of-revels-in-scotland/MASTER OF REVELS IN SCOTLAND.
mauritius/MAURITIUS.
mauritius-(2)/MAURITIUS, See of.
mawes-st/MAWES, ST. See St Mawes.
maxwelltown/MAXWELLTOWN (Kirkcudbright).
maybole/MAYBOLE (Ayrshire).
mayence/MAYENCE (Germany).
mayence-(2)/MAYENCE, Elector and Prince Archbishop of.
mayo/MAYO, County.
meath/MEATH, County.
meath-(2)/MEATH, See of.
mechlin/MECHLIN (Belgium).
mecklenburg-schwerin/MECKLENBURG-SCHWERIN, Grand Duchy of.
mecklenburg-strelitz/MECKLENBURG-STRELITZ, Grand Duchy of.
melanesia/MELANESIA, See of (New Zealand).
melbourne/MELBOURNE, University of See University of Melbourne, Australia.
melbourne-(2)/MELBOURNE, See of (Australia).
melbourne-roman-catholic-archdiocese/MELBOURNE, ROMAN CATHOLIC ARCHDIOCESE (Australia).
melcombe-regis/MELCOMBE REGIS.
melrose/MELROSE (Co. Roxburgh).
mercers-company/MERCERS' COMPANY 
mercers-company-(2)/MERCERS' COMPANY (Durham).
merchants-and-merchants-adventurers/MERCHANTS AND MERCHANTS ADVENTURERS.
merchant-adventurers-trading-to-france/MERCHANT ADVENTURERS TRADING TO FRANCE (Exeter).
merchants-guild/MERCHANTS' GUILD, Dublin (sometimes called the Trinity Guild).
merchants-house-of-glasgow/MERCHANTS HOUSE OF GLASGOW.
merchant-taylors/MERCHANT TAYLORS, The Worshipful Company of, "London.
merchant-taylors-school/MERCHANT TAYLORS' SCHOOL.
merchant-taylors-(2)/MERCHANT TAYLORS, Company of (Exeter).
merchiston-castle-school/MERCHISTON CASTLE SCHOOL (Edinburgh).
merionethshire/MERIONETHSHIRE.
merthyr-tydfil/MERTHYR-TYDFIL (Glamorganshire).
merton-college/MERTON COLLEGE (Oxford).
messina/MESSINA (Italy).
metropolitan-asylums-board/METROPOLITAN ASYLUMS BOARD (London).
metropolitan-life-assurance-society/METROPOLITAN LIFE ASSURANCE SOCIETY (London).
metz/METZ (Germany).
mexico/MEXICO.
michael-house/MICHAEL HOUSE (Cambridge).
mid-china/MID-CHINA, See of (now known as Chekiang).
middleham/MIDDLEHAM, College of.
middlesbrough/MIDDLESBROUGH, Borough of (Yorkshire).
middlesex/MIDDLESEX, County of.
middle-temple/MIDDLE TEMPLE (London).
middleton/MIDDLETON (Lancashire).
midleton/MIDLETON (Co. Cork).
midlothian/MIDLOTHIAN.
milan/MILAN (Italy).
milan-(2)/MILAN, Duchy of.
milbourneport/MILBOURNEPORT (Somerset).
military-society/MILITARY SOCIETY.
milleners-company/MILLENERS' COMPANY.
mill-hill-school/MILL HILL SCHOOL.
milngavie/MILNGAVIE.
millport/MILLPORT (Buteshire).
milton-and-gravesend/MILTON AND GRAVESEND.
mine-adventurers/MINE ADVENTURERS.
mine-adventurers-of-england/MINE ADVENTURERS OF ENGLAND, The Governor and Company of.
mineral-and-battery-works/MINERAL AND BATTERY WORKS, Society of (London).
miners-royal-or-mine-adventurers-company/MINERS ROYAL, OR MINE ADVENTURERS COMPANY (London).
modena/MODENA (Duchy of).
moffat/MOFFAT.
moldavia/MOLDAVIA.
monaco/MONACO.
monaghan/MONAGHAN, County of.
monaghan-(2)/MONAGHAN (Co. Monaghan).
monifieth/MONIFIETH (Co. Forfar).
monmouth/MONMOUTH.
montenegro/MONTENEGRO.
montfort-and-feldkirch/MONTFORT AND FELDKIRCH, County of.
montgomery/MONTGOMERY (Montgomeryshire).
montgomeryshire/MONTGOMERYSHIRE.
montreal/MONTREAL, See of (Canada).
montrose/MONTROSE (Forfarshire).
montserrat/MONTSERRAT.
moosonee/MOOSONEE, See of (Canada).
moravia/MORAVIA.
moray/MORAY, See of 
moray-ross-and-caithness/MORAY, ROSS AND CAITHNESS, Bishop of.
morden-college-or-hospital/MORDEN COLLEGE, OR HOSPITAL (Blackheath).
morley/MORLEY (Yorkshire).
morocco/MOROCCO.
morpeth/MORPETH (Northumberland).
moscow-merchants/MOSCOW MERCHANTS.
moscow/MOSCOW (Russia).
mossley/MOSSLEY (Lancashire).
motherwell/MOTHERWELL.
much-wenlock/MUCH WENLOCK (Shropshire).
mulhausen/MULHAUSEN (Germany).
mullingar/MULLINGAR (Co. Westraeath).
munchen/MUNCHEN.
munich/MUNICH.
munster/MUNSTER, Bishopric of.
munster-(2)/MUNSTER, Province of (Ireland).
murlo/MURLO (Province of Siena, Tuscany).
muscovy-merchants/MUSCOVY MERCHANTS.
muses/MUSES, Academy of.
music/MUSIC, Trinity College of.
musicians/MUSICIANS, The Worshipful Company of, London.
musselburgh/MUSSELBURGH (Midlothian).
